sample_id,target_state,protocol,hippocampus,amygdala,pfc,sensory,insula,motor,cue_strength,stimulation_strength,feedback_strength,similarity_to_target,reconstruction_error,safety_risk
S00000,calm,cue,0.3672,0.3709,0.5844,0.5449,0.2693,0.3465,0.6115,0.1350,0.3700,0.9689,0.1464,0.2310
S00001,calm,neurofeedback,0.4802,0.1425,0.6929,0.5077,0.3520,0.2396,0.5360,0.2523,0.6214,0.9918,0.0964,0.1045
S00002,calm,dbs,0.4669,0.2394,0.6563,0.5385,0.4138,0.4561,0.7457,0.5578,0.5790,0.9855,0.0927,0.3094
S00003,calm,mimo,0.4275,0.2487,0.5161,0.4003,0.3117,0.5011,0.2862,0.1806,0.3724,0.9574,0.1701,0.2311
S00004,calm,cue,0.4467,0.3787,0.6747,0.4623,0.2753,0.3176,0.8916,0.5040,0.5956,0.9784,0.1224,0.2178
S00005,calm,neurofeedback,0.3529,0.2149,0.7034,0.4072,0.4093,0.4682,0.4165,0.6687,0.5171,0.9856,0.1051,0.1398
S00006,calm,dbs,0.3916,0.1850,0.5989,0.5529,0.3870,0.4785,0.1877,0.4965,0.7837,0.9772,0.1211,0.2792
S00007,calm,mimo,0.4309,0.4092,0.6680,0.4523,0.3762,0.2545,0.6128,0.1869,0.4978,0.9753,0.1263,0.2953
S00008,calm,cue,0.4331,0.1552,0.5588,0.4360,0.4892,0.4584,0.7100,0.4436,0.7729,0.9677,0.1430,0.1939
S00009,calm,neurofeedback,0.4545,0.1778,0.5849,0.4681,0.3263,0.4705,0.4888,0.1615,0.7585,0.9761,0.1324,0.1297
S00010,calm,dbs,0.4308,0.2037,0.5652,0.4646,0.4290,0.2673,0.8961,0.5099,0.5005,0.9850,0.1313,0.3193
S00011,calm,mimo,0.3580,0.1853,0.7026,0.4775,0.3599,0.4414,0.1567,0.2628,0.6852,0.9919,0.0912,0.1695
S00012,calm,cue,0.3676,0.2640,0.5541,0.5514,0.3453,0.2663,0.6833,0.5240,0.9373,0.9810,0.1394,0.2082
S00013,calm,neurofeedback,0.4855,0.3693,0.7218,0.5544,0.4412,0.2771,0.7891,0.4502,0.1905,0.9846,0.0913,0.1983
S00014,calm,dbs,0.3846,0.3996,0.7201,0.4567,0.4352,0.2528,0.3122,0.5904,0.5140,0.9792,0.1129,0.4100
S00015,calm,mimo,0.3960,0.3987,0.5671,0.4451,0.3963,0.3891,0.5673,0.4217,0.8322,0.9649,0.1489,0.3187
S00016,calm,cue,0.4870,0.2236,0.6148,0.4165,0.3104,0.4176,0.4354,0.4702,0.5682,0.9812,0.1256,0.1699
S00017,calm,neurofeedback,0.4005,0.3815,0.6557,0.5196,0.3496,0.2457,0.8969,0.1640,0.3205,0.9787,0.1219,0.1955
S00018,calm,dbs,0.4670,0.1881,0.5222,0.4354,0.3993,0.3048,0.7537,0.2996,0.6807,0.9786,0.1483,0.3107
S00019,calm,mimo,0.4279,0.2163,0.5295,0.5339,0.4411,0.3026,0.8243,0.6277,0.2238,0.9759,0.1377,0.2474
S00020,calm,cue,0.4532,0.1816,0.4987,0.4871,0.4910,0.4475,0.8231,0.4474,0.8177,0.9581,0.1574,0.2180
S00021,calm,neurofeedback,0.3942,0.3677,0.7134,0.5829,0.4640,0.4377,0.8073,0.3638,0.6465,0.9825,0.0962,0.2035
S00022,calm,dbs,0.3619,0.3788,0.6948,0.4425,0.4594,0.3530,0.7486,0.2801,0.7799,0.9802,0.1106,0.4127
S00023,calm,mimo,0.4513,0.2603,0.7550,0.5053,0.4964,0.2652,0.7915,0.7001,0.3733,0.9921,0.0701,0.2331
S00024,calm,cue,0.4347,0.2540,0.5815,0.4233,0.4299,0.1966,0.6828,0.3082,0.6350,0.9801,0.1425,0.2186
S00025,calm,neurofeedback,0.3352,0.3790,0.6891,0.3872,0.3476,0.3188,0.1560,0.5185,0.4142,0.9792,0.1298,0.1888
S00026,calm,dbs,0.4172,0.1759,0.5716,0.4881,0.4247,0.3853,0.8222,0.4893,0.3908,0.9834,0.1230,0.2960
S00027,calm,mimo,0.4356,0.2541,0.6465,0.5232,0.4305,0.2666,0.2358,0.1709,0.5624,0.9898,0.0970,0.2367
S00028,calm,cue,0.4486,0.2916,0.4453,0.5019,0.2570,0.4303,0.4316,0.4979,0.3055,0.9452,0.1875,0.2209
S00029,calm,neurofeedback,0.3973,0.3400,0.6626,0.5556,0.4136,0.4697,0.1402,0.2695,0.8287,0.9792,0.1066,0.1920
S00030,calm,dbs,0.3974,0.2281,0.6621,0.5368,0.3906,0.4021,0.8178,0.5662,0.5297,0.9917,0.0864,0.2907
S00031,calm,mimo,0.4324,0.1849,0.5425,0.4609,0.3680,0.2563,0.2107,0.2588,0.7052,0.9863,0.1436,0.2084
S00032,calm,cue,0.4531,0.4041,0.6719,0.4441,0.4616,0.3703,0.4043,0.1235,0.4314,0.9752,0.1172,0.2742
S00033,calm,neurofeedback,0.4239,0.1879,0.6410,0.3826,0.3673,0.3775,0.6433,0.3626,0.2820,0.9910,0.1160,0.1321
S00034,calm,dbs,0.3313,0.3318,0.6692,0.4020,0.2892,0.2032,0.2693,0.3161,0.7590,0.9823,0.1453,0.3225
S00035,calm,mimo,0.3896,0.1807,0.5805,0.5323,0.4006,0.2756,0.7034,0.6898,0.3095,0.9878,0.1232,0.2065
S00036,calm,cue,0.3877,0.2520,0.5962,0.5510,0.3620,0.3950,0.7554,0.6988,0.2365,0.9839,0.1148,0.1985
S00037,calm,neurofeedback,0.4747,0.2090,0.6411,0.4670,0.3740,0.2962,0.5803,0.1926,0.9371,0.9924,0.1014,0.1410
S00038,calm,dbs,0.4866,0.2198,0.6994,0.4677,0.4062,0.3490,0.6658,0.3813,0.7370,0.9942,0.0755,0.2789
S00039,calm,mimo,0.3894,0.1847,0.6850,0.3993,0.3322,0.4375,0.2951,0.3988,0.6383,0.9893,0.1095,0.1656
S00040,calm,cue,0.4640,0.3730,0.5787,0.4720,0.4457,0.2295,0.1685,0.5520,0.5409,0.9663,0.1452,0.2754
S00041,calm,neurofeedback,0.4280,0.2137,0.5998,0.3799,0.2902,0.2439,0.4404,0.5676,0.4146,0.9917,0.1458,0.1330
S00042,calm,dbs,0.3744,0.2457,0.5275,0.4360,0.3080,0.3816,0.8813,0.4348,0.3764,0.9808,0.1544,0.3145
S00043,calm,mimo,0.4324,0.2613,0.6150,0.4358,0.4944,0.3517,0.4927,0.6436,0.6093,0.9816,0.1160,0.2652
S00044,calm,cue,0.3462,0.3563,0.6333,0.5024,0.3157,0.3754,0.5503,0.3023,0.9451,0.9794,0.1253,0.2259
S00045,calm,neurofeedback,0.3825,0.1940,0.7122,0.4137,0.3252,0.2634,0.5877,0.5641,0.9081,0.9986,0.1033,0.1145
S00046,calm,dbs,0.4656,0.3324,0.6647,0.4940,0.4853,0.3370,0.6624,0.3924,0.6999,0.9832,0.0991,0.3996
S00047,calm,mimo,0.3941,0.1927,0.6835,0.5154,0.4910,0.3625,0.3461,0.5694,0.6054,0.9911,0.0829,0.2138
S00048,calm,cue,0.4276,0.3951,0.6911,0.4839,0.3327,0.2372,0.1731,0.6971,0.8188,0.9782,0.1202,0.2355
S00049,calm,neurofeedback,0.3728,0.2722,0.6518,0.5223,0.3271,0.4175,0.6078,0.4150,0.2230,0.9874,0.1038,0.1527
S00050,calm,dbs,0.4023,0.3745,0.6603,0.4506,0.3802,0.2829,0.3586,0.7021,0.4733,0.9820,0.1179,0.3903
S00051,calm,mimo,0.3985,0.3944,0.6776,0.4725,0.3074,0.3690,0.8421,0.3829,0.7086,0.9784,0.1191,0.2666
S00052,calm,cue,0.4052,0.2492,0.6420,0.5574,0.3338,0.3613,0.7657,0.4190,0.7233,0.9899,0.0982,0.1814
S00053,calm,neurofeedback,0.4161,0.3246,0.6224,0.4532,0.3948,0.4789,0.7320,0.3690,0.8974,0.9746,0.1243,0.1894
S00054,calm,dbs,0.4413,0.2865,0.4813,0.5290,0.2811,0.3978,0.4643,0.3131,0.3009,0.9587,0.1679,0.3476
S00055,calm,mimo,0.4292,0.3906,0.6630,0.4534,0.3572,0.3467,0.4963,0.1422,0.5518,0.9795,0.1168,0.2818
S00056,calm,cue,0.4765,0.3626,0.6662,0.4517,0.3169,0.3982,0.3708,0.5356,0.6699,0.9786,0.1157,0.2224
S00057,calm,neurofeedback,0.3998,0.3002,0.7389,0.4971,0.4392,0.4780,0.8979,0.5681,0.4972,0.9877,0.0824,0.1704
S00058,calm,dbs,0.3356,0.3546,0.6447,0.4117,0.4847,0.2239,0.5527,0.5955,0.2860,0.9720,0.1410,0.4214
S00059,calm,mimo,0.4050,0.3292,0.6055,0.4700,0.3030,0.4481,0.6421,0.2148,0.5034,0.9742,0.1333,0.2490
S00060,calm,cue,0.4344,0.2221,0.6210,0.5180,0.4457,0.2197,0.8942,0.2971,0.9324,0.9853,0.1145,0.2005
S00061,calm,neurofeedback,0.4374,0.3124,0.6759,0.5382,0.4153,0.4625,0.3819,0.5020,0.6467,0.9841,0.0942,0.1803
S00062,calm,dbs,0.3283,0.3131,0.6938,0.4561,0.4808,0.4415,0.3361,0.5685,0.2905,0.9804,0.1082,0.3750
S00063,calm,mimo,0.4724,0.4176,0.6911,0.5636,0.4914,0.4431,0.1921,0.6977,0.2626,0.9752,0.1157,0.3260
S00064,calm,cue,0.4874,0.1862,0.5335,0.4312,0.4829,0.3659,0.6379,0.4707,0.8079,0.9689,0.1456,0.2111
S00065,calm,neurofeedback,0.3602,0.2467,0.5483,0.5400,0.2963,0.3352,0.4266,0.2039,0.9070,0.9811,0.1426,0.1544
S00066,calm,dbs,0.3893,0.4086,0.4321,0.4094,0.3810,0.4881,0.4319,0.1794,0.5415,0.9215,0.2082,0.4877
S00067,calm,mimo,0.4764,0.2802,0.6082,0.5017,0.4248,0.2106,0.4185,0.2339,0.2477,0.9794,0.1241,0.2571
S00068,calm,cue,0.3737,0.2041,0.6813,0.3608,0.4787,0.2514,0.2657,0.2496,0.8458,0.9864,0.1218,0.1884
S00069,calm,neurofeedback,0.3650,0.1471,0.6733,0.4892,0.4486,0.3452,0.7320,0.2628,0.4090,0.9933,0.0932,0.1282
S00070,calm,dbs,0.3946,0.3427,0.5803,0.4830,0.3760,0.4002,0.7266,0.6402,0.5672,0.9754,0.1319,0.3920
S00071,calm,mimo,0.3942,0.4027,0.6199,0.4529,0.4082,0.2412,0.3200,0.4998,0.5887,0.9712,0.1401,0.3119
S00072,calm,cue,0.4152,0.2993,0.4328,0.4551,0.4304,0.3165,0.4612,0.2571,0.4211,0.9533,0.1830,0.2684
S00073,calm,neurofeedback,0.4317,0.2510,0.6467,0.3861,0.3501,0.3926,0.6910,0.6071,0.5951,0.9880,0.1152,0.1504
S00074,calm,dbs,0.3717,0.1700,0.6972,0.4375,0.4351,0.3644,0.5623,0.2476,0.6754,0.9949,0.0895,0.2557
S00075,calm,mimo,0.4020,0.1975,0.6858,0.4433,0.3426,0.2337,0.1210,0.6775,0.8136,0.9975,0.1053,0.1748
S00076,calm,cue,0.3994,0.2612,0.6008,0.5131,0.3971,0.2448,0.6969,0.2491,0.4859,0.9872,0.1201,0.2101
S00077,calm,neurofeedback,0.4579,0.1754,0.5778,0.4179,0.4393,0.3500,0.4885,0.3852,0.3685,0.9826,0.1289,0.1520
S00078,calm,dbs,0.3278,0.1560,0.6181,0.3400,0.3460,0.4161,0.2690,0.2023,0.3544,0.9844,0.1474,0.2369
S00079,calm,mimo,0.4273,0.3228,0.6852,0.4508,0.2957,0.2402,0.1150,0.6727,0.8397,0.9866,0.1164,0.2254
S00080,calm,cue,0.4191,0.2628,0.4866,0.4623,0.3323,0.2726,0.7756,0.2660,0.6211,0.9753,0.1659,0.2181
S00081,calm,neurofeedback,0.3681,0.1880,0.6772,0.5020,0.3944,0.2693,0.7552,0.6090,0.3390,0.9971,0.0934,0.1316
S00082,calm,dbs,0.4736,0.3008,0.5495,0.3883,0.3767,0.3027,0.5516,0.5012,0.6496,0.9743,0.1499,0.3726
S00083,calm,mimo,0.4732,0.3074,0.6085,0.4763,0.3936,0.4432,0.7654,0.1660,0.8414,0.9771,0.1187,0.2622
S00084,calm,cue,0.4897,0.2635,0.5657,0.4309,0.2587,0.2741,0.2207,0.1571,0.2328,0.9775,0.1515,0.1849
S00085,calm,neurofeedback,0.4642,0.2920,0.5477,0.3539,0.4202,0.3053,0.4270,0.3230,0.6283,0.9710,0.1551,0.1948
S00086,calm,dbs,0.4529,0.2381,0.6202,0.5375,0.3417,0.3050,0.2131,0.3299,0.9242,0.9892,0.1058,0.2924
S00087,calm,mimo,0.4119,0.2613,0.5746,0.4500,0.5113,0.3628,0.5211,0.5076,0.4887,0.9749,0.1310,0.2792
S00088,calm,cue,0.4086,0.3421,0.4421,0.4892,0.2805,0.4709,0.7681,0.6502,0.1802,0.9367,0.1944,0.2494
S00089,calm,neurofeedback,0.4664,0.2597,0.6460,0.3782,0.4547,0.3463,0.2900,0.3865,0.3779,0.9834,0.1144,0.1740
S00090,calm,dbs,0.4634,0.3253,0.5821,0.3994,0.4152,0.4669,0.4055,0.4365,0.9230,0.9657,0.1429,0.3941
S00091,calm,mimo,0.4287,0.4251,0.5747,0.5029,0.3386,0.2282,0.3182,0.6632,0.2679,0.9601,0.1582,0.3144
S00092,calm,cue,0.4542,0.1854,0.5349,0.5406,0.4300,0.2759,0.8447,0.6235,0.6700,0.9759,0.1379,0.1978
S00093,calm,neurofeedback,0.3358,0.2195,0.6423,0.3698,0.3838,0.4378,0.5390,0.5563,0.5722,0.9836,0.1293,0.1464
S00094,calm,dbs,0.4407,0.2292,0.4984,0.4823,0.2561,0.4962,0.2936,0.2061,0.4934,0.9531,0.1737,0.2922
S00095,calm,mimo,0.4028,0.1530,0.7021,0.4687,0.4214,0.3802,0.4761,0.5014,0.9348,0.9953,0.0803,0.1702
S00096,calm,cue,0.4464,0.3387,0.6374,0.3768,0.4698,0.3341,0.2401,0.5875,0.5217,0.9756,0.1270,0.2543
S00097,calm,neurofeedback,0.4644,0.2095,0.6193,0.5167,0.4795,0.2967,0.8913,0.4458,0.3527,0.9848,0.1056,0.1653
S00098,calm,dbs,0.4808,0.2665,0.6842,0.5277,0.3019,0.3740,0.8790,0.4177,0.5480,0.9892,0.0900,0.2766
S00099,calm,mimo,0.4301,0.1691,0.7136,0.4704,0.4921,0.3099,0.5821,0.3757,0.7018,0.9927,0.0801,0.1953
S00100,calm,cue,0.4236,0.3830,0.3931,0.4128,0.4661,0.3069,0.6435,0.6917,0.2642,0.9240,0.2117,0.3217
S00101,calm,neurofeedback,0.3908,0.3108,0.6044,0.4236,0.4016,0.3673,0.7105,0.4644,0.5736,0.9830,0.1248,0.1887
S00102,calm,dbs,0.3347,0.3126,0.6300,0.5558,0.3956,0.2484,0.3285,0.6699,0.5430,0.9822,0.1210,0.3624
S00103,calm,mimo,0.4748,0.3266,0.7321,0.5103,0.2977,0.2996,0.8131,0.6308,0.7194,0.9883,0.0899,0.2170
S00104,calm,cue,0.4134,0.4632,0.5880,0.4647,0.4489,0.4479,0.5413,0.4872,0.2190,0.9524,0.1583,0.3139
S00105,calm,neurofeedback,0.3872,0.3590,0.6736,0.5658,0.2878,0.2787,0.8024,0.5882,0.6618,0.9800,0.1172,0.1725
S00106,calm,dbs,0.4561,0.3051,0.5698,0.4710,0.3964,0.3382,0.8159,0.6276,0.3505,0.9790,0.1283,0.3767
S00107,calm,mimo,0.3830,0.1853,0.6559,0.5109,0.4145,0.4462,0.7740,0.4582,0.8102,0.9879,0.0969,0.1953
S00108,calm,cue,0.3819,0.1734,0.4473,0.4553,0.4024,0.2431,0.4864,0.6028,0.6980,0.9714,0.1826,0.2034
S00109,calm,neurofeedback,0.3376,0.2788,0.5589,0.3966,0.2783,0.3004,0.2046,0.3423,0.5993,0.9876,0.1602,0.1606
S00110,calm,dbs,0.3858,0.2823,0.6101,0.4442,0.2967,0.4801,0.5621,0.3076,0.7605,0.9745,0.1362,0.3094
S00111,calm,mimo,0.4299,0.3790,0.6151,0.5431,0.4341,0.4210,0.8059,0.5126,0.5265,0.9728,0.1222,0.3081
S00112,calm,cue,0.4784,0.3729,0.4316,0.5513,0.3381,0.4453,0.5034,0.5786,0.3738,0.9312,0.1922,0.2789
S00113,calm,neurofeedback,0.4011,0.3107,0.5930,0.4190,0.3109,0.4101,0.1362,0.2022,0.4164,0.9784,0.1375,0.1729
S00114,calm,dbs,0.4656,0.2309,0.6670,0.5656,0.4279,0.4354,0.5259,0.5452,0.3898,0.9875,0.0853,0.3055
S00115,calm,mimo,0.4378,0.2035,0.6679,0.5113,0.4732,0.2675,0.7209,0.4666,0.7271,0.9904,0.0915,0.2179
S00116,calm,cue,0.4670,0.4333,0.6421,0.4970,0.2527,0.2466,0.2211,0.5343,0.4783,0.9613,0.1511,0.2429
S00117,calm,neurofeedback,0.4593,0.3458,0.6584,0.5481,0.4085,0.2727,0.8297,0.3254,0.4334,0.9829,0.1035,0.1938
S00118,calm,dbs,0.3474,0.3989,0.6903,0.3574,0.3052,0.3962,0.2658,0.5430,0.4036,0.9691,0.1431,0.3691
S00119,calm,mimo,0.4129,0.2214,0.6015,0.4097,0.3923,0.4900,0.3301,0.5485,0.4271,0.9751,0.1326,0.2200
S00120,childhood,cue,0.7058,0.4961,0.3097,0.6790,0.3391,0.3525,0.5248,0.5028,0.1920,0.9807,0.1995,0.3577
S00121,childhood,neurofeedback,0.8297,0.3524,0.4837,0.6890,0.6135,0.4306,0.8711,0.3127,0.6667,0.9866,0.1308,0.2645
S00122,childhood,dbs,0.8007,0.5681,0.5384,0.5246,0.5267,0.2257,0.4176,0.4172,0.8993,0.9867,0.1511,0.6219
S00123,childhood,mimo,0.7652,0.3457,0.4230,0.6537,0.4453,0.3770,0.7808,0.4008,0.3042,0.9873,0.1734,0.3385
S00124,childhood,cue,0.7791,0.3787,0.3153,0.6428,0.4327,0.2543,0.7616,0.4292,0.2194,0.9921,0.1828,0.3274
S00125,childhood,neurofeedback,0.6261,0.4090,0.4341,0.6223,0.6005,0.3889,0.6229,0.5357,0.1997,0.9876,0.1734,0.2903
S00126,childhood,dbs,0.6579,0.4411,0.4385,0.5391,0.5209,0.3841,0.2069,0.2119,0.7482,0.9883,0.1878,0.5622
S00127,childhood,mimo,0.7021,0.4631,0.4311,0.6939,0.4258,0.2878,0.6630,0.1669,0.6013,0.9948,0.1593,0.3907
S00128,childhood,cue,0.7639,0.3202,0.4072,0.7255,0.5643,0.3038,0.7470,0.3921,0.5606,0.9917,0.1466,0.3149
S00129,childhood,neurofeedback,0.8185,0.3512,0.4543,0.7238,0.6097,0.4495,0.8953,0.6807,0.2052,0.9857,0.1326,0.2681
S00130,childhood,dbs,0.7100,0.5122,0.4101,0.5441,0.5471,0.3526,0.4005,0.5296,0.6794,0.9913,0.1648,0.6314
S00131,childhood,mimo,0.7595,0.4137,0.3957,0.7255,0.5788,0.2291,0.5356,0.4392,0.8087,0.9979,0.1259,0.4161
S00132,childhood,cue,0.6645,0.2958,0.4748,0.5364,0.4051,0.2258,0.1807,0.1401,0.6282,0.9878,0.2293,0.2524
S00133,childhood,neurofeedback,0.6509,0.4077,0.4057,0.6211,0.4381,0.2644,0.3551,0.4788,0.6880,0.9976,0.1909,0.2628
S00134,childhood,dbs,0.7766,0.5453,0.4281,0.6266,0.5116,0.2765,0.4965,0.7034,0.9033,0.9969,0.1294,0.6353
S00135,childhood,mimo,0.8398,0.3907,0.3994,0.6894,0.5680,0.4389,0.8318,0.4574,0.9242,0.9875,0.1344,0.4006
S00136,childhood,cue,0.7831,0.5081,0.4638,0.6488,0.6363,0.3159,0.5823,0.6442,0.3005,0.9974,0.1017,0.4035
S00137,childhood,neurofeedback,0.6110,0.5536,0.4509,0.6726,0.5018,0.3599,0.4831,0.2656,0.6335,0.9881,0.1639,0.3200
S00138,childhood,dbs,0.7321,0.4745,0.4577,0.5919,0.4881,0.2755,0.4756,0.6238,0.8815,0.9969,0.1552,0.5670
S00139,childhood,mimo,0.8362,0.4217,0.5214,0.7774,0.5309,0.3264,0.7667,0.4196,0.6737,0.9946,0.0982,0.3780
S00140,childhood,cue,0.6338,0.5324,0.5480,0.6703,0.5483,0.3050,0.5337,0.5051,0.1970,0.9901,0.1460,0.3762
S00141,childhood,neurofeedback,0.7092,0.4833,0.3900,0.6562,0.4087,0.3177,0.5943,0.5201,0.6432,0.9929,0.1707,0.2866
S00142,childhood,dbs,0.6840,0.3800,0.3905,0.6978,0.4501,0.3197,0.8278,0.1842,0.2271,0.9932,0.1748,0.5074
S00143,childhood,mimo,0.8530,0.3909,0.4094,0.7316,0.4226,0.1994,0.7783,0.5122,0.8366,0.9889,0.1520,0.3583
S00144,childhood,cue,0.5764,0.5306,0.5278,0.5627,0.3323,0.1843,0.1763,0.4369,0.1840,0.9744,0.2332,0.3276
S00145,childhood,neurofeedback,0.7874,0.4537,0.3823,0.6677,0.5117,0.4420,0.8692,0.4722,0.7518,0.9882,0.1457,0.2974
S00146,childhood,dbs,0.6898,0.4876,0.5252,0.6474,0.6139,0.4402,0.6793,0.4205,0.9295,0.9862,0.1408,0.6030
S00147,childhood,mimo,0.8146,0.5003,0.3594,0.6732,0.5824,0.3709,0.3846,0.6847,0.4955,0.9943,0.1172,0.4692
S00148,childhood,cue,0.5450,0.3536,0.2806,0.4598,0.4369,0.3460,0.1852,0.1231,0.3966,0.9848,0.2731,0.3243
S00149,childhood,neurofeedback,0.5491,0.5504,0.5448,0.7190,0.5261,0.2357,0.4082,0.2951,0.4602,0.9821,0.1728,0.3083
S00150,childhood,dbs,0.6052,0.4244,0.4493,0.6254,0.4337,0.1981,0.4369,0.4105,0.2115,0.9953,0.2005,0.5136
S00151,childhood,mimo,0.8647,0.3696,0.4115,0.7588,0.4370,0.2813,0.3678,0.6093,0.8376,0.9880,0.1435,0.3510
S00152,childhood,cue,0.6290,0.3357,0.4203,0.6426,0.5022,0.3868,0.2939,0.3456,0.8032,0.9864,0.1952,0.3042
S00153,childhood,neurofeedback,0.7289,0.4555,0.5180,0.6207,0.5616,0.3909,0.6543,0.6114,0.7865,0.9908,0.1403,0.2857
S00154,childhood,dbs,0.8206,0.4444,0.5184,0.7044,0.6098,0.2257,0.8363,0.5350,0.5849,0.9975,0.0953,0.5731
S00155,childhood,mimo,0.8305,0.4369,0.3169,0.6556,0.5230,0.3176,0.6420,0.3598,0.7521,0.9927,0.1444,0.4306
S00156,childhood,cue,0.5923,0.4206,0.5590,0.5473,0.5925,0.2165,0.5004,0.3270,0.1697,0.9834,0.1953,0.3355
S00157,childhood,neurofeedback,0.7724,0.3401,0.5360,0.6713,0.5206,0.2176,0.6574,0.3113,0.3902,0.9909,0.1511,0.2335
S00158,childhood,dbs,0.6521,0.4488,0.2975,0.6113,0.4199,0.3577,0.2855,0.3630,0.2976,0.9885,0.2071,0.5740
S00159,childhood,mimo,0.7131,0.4192,0.3748,0.6956,0.5044,0.3536,0.1814,0.6432,0.2996,0.9943,0.1536,0.4031
S00160,childhood,cue,0.7779,0.3265,0.3069,0.6366,0.4557,0.2401,0.7510,0.5436,0.3880,0.9901,0.1920,0.3117
S00161,childhood,neurofeedback,0.8156,0.4703,0.4746,0.5829,0.5001,0.2872,0.6084,0.5361,0.6662,0.9943,0.1406,0.2860
S00162,childhood,dbs,0.7001,0.5592,0.4295,0.5441,0.4172,0.4048,0.5044,0.4170,0.6978,0.9801,0.1909,0.6085
S00163,childhood,mimo,0.7484,0.5087,0.5182,0.6639,0.5961,0.1794,0.7127,0.4498,0.2406,0.9962,0.1181,0.4407
S00164,childhood,cue,0.6986,0.5193,0.3871,0.7542,0.5670,0.2456,0.3382,0.7196,0.5098,0.9968,0.1237,0.4071
S00165,childhood,neurofeedback,0.4574,0.3902,0.3891,0.5218,0.4173,0.3955,0.2114,0.2440,0.3156,0.9718,0.2709,0.2551
S00166,childhood,dbs,0.8629,0.5529,0.3797,0.7395,0.5295,0.3723,0.8702,0.5914,0.8850,0.9937,0.0998,0.6631
S00167,childhood,mimo,0.8175,0.3418,0.4588,0.6162,0.6140,0.2747,0.4314,0.3912,0.6569,0.9915,0.1424,0.3749
S00168,childhood,cue,0.6396,0.4439,0.3158,0.6207,0.4067,0.2613,0.4668,0.5185,0.4366,0.9952,0.2077,0.3498
S00169,childhood,neurofeedback,0.7518,0.4190,0.3103,0.6886,0.4659,0.1646,0.6460,0.1490,0.2297,0.9934,0.1743,0.2877
S00170,childhood,dbs,0.7418,0.4376,0.5219,0.6207,0.5256,0.2751,0.8462,0.2844,0.6737,0.9956,0.1416,0.5349
S00171,childhood,mimo,0.6233,0.5043,0.5096,0.7136,0.4585,0.2463,0.2062,0.2557,0.6940,0.9904,0.1630,0.4025
S00172,childhood,cue,0.6214,0.5908,0.3168,0.6402,0.3630,0.3836,0.2097,0.5841,0.7525,0.9732,0.2137,0.4037
S00173,childhood,neurofeedback,0.7673,0.4694,0.3778,0.7278,0.4297,0.2034,0.7880,0.1720,0.2304,0.9939,0.1518,0.2877
S00174,childhood,dbs,0.7566,0.4794,0.4447,0.7024,0.5029,0.2109,0.6524,0.6287,0.6767,0.9986,0.1278,0.5803
S00175,childhood,mimo,0.8621,0.3675,0.5214,0.7138,0.5163,0.3662,0.5226,0.7066,0.9395,0.9892,0.1246,0.3465
S00176,childhood,cue,0.5978,0.4739,0.4136,0.5546,0.5322,0.2053,0.1319,0.1563,0.7814,0.9955,0.1971,0.3735
S00177,childhood,neurofeedback,0.7618,0.5288,0.5085,0.5940,0.5508,0.4020,0.7464,0.4418,0.4626,0.9895,0.1357,0.3113
S00178,childhood,dbs,0.6404,0.5175,0.4909,0.5429,0.6429,0.3249,0.3474,0.5650,0.7425,0.9858,0.1670,0.6461
S00179,childhood,mimo,0.8364,0.3967,0.3251,0.7322,0.5239,0.2185,0.8091,0.5829,0.1735,0.9924,0.1409,0.4085
S00180,childhood,cue,0.6085,0.4535,0.3084,0.6810,0.4004,0.3138,0.1823,0.4643,0.7282,0.9882,0.2075,0.3540
S00181,childhood,neurofeedback,0.7123,0.4981,0.4049,0.5341,0.4852,0.3305,0.6925,0.3716,0.4074,0.9921,0.1777,0.3044
S00182,childhood,dbs,0.6617,0.4771,0.3034,0.5568,0.5431,0.2677,0.4721,0.2894,0.8259,0.9945,0.1909,0.6393
S00183,childhood,mimo,0.7878,0.4364,0.3733,0.6771,0.5980,0.4224,0.8204,0.5763,0.3461,0.9904,0.1321,0.4380
S00184,childhood,cue,0.5988,0.5826,0.4541,0.5784,0.6135,0.4569,0.5239,0.2629,0.5436,0.9740,0.1825,0.4327
S00185,childhood,neurofeedback,0.6266,0.4080,0.5518,0.4642,0.4291,0.2797,0.2068,0.6120,0.2099,0.9789,0.2287,0.2374
S00186,childhood,dbs,0.6225,0.4307,0.4366,0.5745,0.5583,0.4700,0.2622,0.5880,0.6178,0.9779,0.1944,0.5698
S00187,childhood,mimo,0.8365,0.3959,0.3447,0.6618,0.4597,0.3412,0.7611,0.5381,0.1823,0.9893,0.1582,0.3859
S00188,childhood,cue,0.7898,0.3408,0.2649,0.7045,0.6189,0.2144,0.6985,0.2699,0.5196,0.9859,0.1664,0.3655
S00189,childhood,neurofeedback,0.7981,0.4231,0.3220,0.7322,0.5873,0.2670,0.7502,0.1331,0.2016,0.9948,0.1278,0.3110
S00190,childhood,dbs,0.5511,0.4018,0.3604,0.6582,0.4061,0.3726,0.1236,0.5299,0.2882,0.9827,0.2248,0.5155
S00191,childhood,mimo,0.7082,0.4955,0.4835,0.6836,0.6166,0.4053,0.2098,0.2397,0.8577,0.9920,0.1224,0.4477
S00192,childhood,cue,0.7603,0.5168,0.2786,0.7116,0.4762,0.4480,0.2439,0.3113,0.3252,0.9805,0.1659,0.4060
S00193,childhood,neurofeedback,0.7422,0.5395,0.5414,0.6535,0.6066,0.4175,0.8338,0.1535,0.9471,0.9900,0.1184,0.3207
S00194,childhood,dbs,0.7679,0.4430,0.5472,0.7333,0.5578,0.2772,0.6604,0.6885,0.6009,0.9962,0.1060,0.5430
S00195,childhood,mimo,0.8306,0.5525,0.5314,0.6468,0.3887,0.3550,0.8343,0.2409,0.2544,0.9839,0.1474,0.4026
S00196,childhood,cue,0.7387,0.3387,0.3322,0.7463,0.6000,0.4708,0.8535,0.3574,0.2308,0.9776,0.1678,0.3466
S00197,childhood,neurofeedback,0.5344,0.5182,0.3556,0.6231,0.5913,0.4561,0.2786,0.4734,0.2903,0.9712,0.2060,0.3403
S00198,childhood,dbs,0.8329,0.3849,0.4887,0.6319,0.6450,0.2272,0.8740,0.2525,0.6024,0.9930,0.1241,0.5542
S00199,childhood,mimo,0.6583,0.2962,0.2585,0.5841,0.5523,0.4915,0.3122,0.2697,0.2042,0.9627,0.2348,0.3809
S00200,childhood,cue,0.7581,0.3632,0.5038,0.6935,0.4602,0.4495,0.7912,0.5106,0.6997,0.9811,0.1647,0.2895
S00201,childhood,neurofeedback,0.6238,0.3289,0.5676,0.4986,0.6013,0.2124,0.1745,0.4764,0.6409,0.9763,0.2148,0.2401
S00202,childhood,dbs,0.5204,0.4875,0.5092,0.4683,0.4643,0.3113,0.3122,0.2889,0.3400,0.9748,0.2401,0.5505
S00203,childhood,mimo,0.6922,0.4423,0.4162,0.6691,0.3885,0.3533,0.3334,0.1692,0.8250,0.9891,0.1804,0.3733
S00204,childhood,cue,0.6695,0.4698,0.2781,0.5074,0.4622,0.5053,0.2810,0.2811,0.1993,0.9639,0.2334,0.3820
S00205,childhood,neurofeedback,0.7692,0.3493,0.5525,0.7126,0.5396,0.4245,0.7935,0.4049,0.8553,0.9840,0.1449,0.2378
S00206,childhood,dbs,0.7846,0.4874,0.5646,0.6859,0.6611,0.3605,0.8875,0.7033,0.7968,0.9939,0.0946,0.6083
S00207,childhood,mimo,0.7180,0.5526,0.4843,0.6457,0.5179,0.2969,0.4179,0.3157,0.3710,0.9956,0.1310,0.4492
S00208,childhood,cue,0.7021,0.3946,0.3944,0.6099,0.4800,0.3651,0.5501,0.1806,0.3789,0.9927,0.1781,0.3299
S00209,childhood,neurofeedback,0.7779,0.5699,0.5411,0.5794,0.5943,0.2667,0.8117,0.3189,0.3401,0.9919,0.1238,0.3292
S00210,childhood,dbs,0.7688,0.4514,0.4888,0.6422,0.4900,0.4102,0.8794,0.3859,0.8107,0.9898,0.1437,0.5416
S00211,childhood,mimo,0.7875,0.5641,0.3207,0.5546,0.5747,0.4546,0.3489,0.4241,0.2585,0.9786,0.1675,0.5083
S00212,childhood,cue,0.6179,0.4081,0.4572,0.5616,0.5875,0.3521,0.5041,0.5012,0.2491,0.9882,0.1862,0.3491
S00213,childhood,neurofeedback,0.7793,0.5330,0.4855,0.6367,0.4493,0.2950,0.4093,0.2177,0.6078,0.9935,0.1377,0.2968
S00214,childhood,dbs,0.7377,0.3972,0.5351,0.6474,0.4765,0.2826,0.5809,0.1251,0.3519,0.9926,0.1538,0.4833
S00215,childhood,mimo,0.8073,0.4257,0.4560,0.6301,0.4386,0.2392,0.1818,0.4269,0.6799,0.9941,0.1541,0.3696
S00216,childhood,cue,0.7831,0.5379,0.4789,0.6829,0.5254,0.3990,0.8139,0.2993,0.2699,0.9934,0.1137,0.3870
S00217,childhood,neurofeedback,0.6893,0.3374,0.4865,0.5368,0.5195,0.3943,0.4106,0.1412,0.7165,0.9820,0.1974,0.2404
S00218,childhood,dbs,0.5388,0.5374,0.4912,0.4363,0.5327,0.2688,0.2449,0.1786,0.2524,0.9733,0.2330,0.6177
S00219,childhood,mimo,0.7147,0.5502,0.4481,0.7297,0.4135,0.4384,0.3084,0.2964,0.8310,0.9821,0.1573,0.4275
S00220,childhood,cue,0.6187,0.5591,0.4033,0.5391,0.5485,0.4237,0.2099,0.2402,0.4774,0.9788,0.1924,0.4170
S00221,childhood,neurofeedback,0.7451,0.5054,0.3658,0.6821,0.5493,0.3035,0.7090,0.2212,0.7616,0.9978,0.1284,0.3258
S00222,childhood,dbs,0.7042,0.5242,0.3892,0.6540,0.5000,0.2308,0.3578,0.6199,0.3025,0.9980,0.1500,0.6285
S00223,childhood,mimo,0.8578,0.5757,0.3942,0.7493,0.4749,0.2369,0.6823,0.4778,0.4203,0.9935,0.1098,0.4697
S00224,childhood,cue,0.7668,0.5009,0.2647,0.7118,0.4563,0.3469,0.6873,0.4738,0.2852,0.9866,0.1639,0.3970
S00225,childhood,neurofeedback,0.6567,0.3425,0.4960,0.6308,0.4579,0.3730,0.4334,0.3482,0.5878,0.9851,0.1917,0.2286
S00226,childhood,dbs,0.6323,0.3558,0.3442,0.5845,0.5122,0.2666,0.6750,0.1906,0.2412,0.9971,0.2055,0.5291
S00227,childhood,mimo,0.7797,0.5341,0.4680,0.5556,0.3861,0.3334,0.3645,0.1216,0.6873,0.9840,0.1767,0.4072
S00228,childhood,cue,0.5586,0.3638,0.5152,0.5408,0.5531,0.2115,0.4714,0.1799,0.2898,0.9853,0.2179,0.3098
S00229,childhood,neurofeedback,0.6041,0.5362,0.4172,0.5947,0.6318,0.2619,0.4502,0.4931,0.8528,0.9897,0.1690,0.3446
S00230,childhood,dbs,0.6738,0.4545,0.4706,0.7122,0.5798,0.2173,0.6569,0.1552,0.9040,0.9969,0.1351,0.5840
S00231,childhood,mimo,0.7460,0.2931,0.3547,0.5827,0.5391,0.3686,0.2045,0.6722,0.2403,0.9844,0.1939,0.3535
S00232,childhood,cue,0.7035,0.3511,0.3809,0.6825,0.4727,0.4676,0.5185,0.5403,0.2262,0.9788,0.1877,0.3118
S00233,childhood,neurofeedback,0.7352,0.4070,0.5284,0.5934,0.4381,0.3821,0.7815,0.6416,0.2099,0.9847,0.1758,0.2426
S00234,childhood,dbs,0.6900,0.3374,0.3926,0.6284,0.3756,0.2250,0.4577,0.1912,0.5479,0.9924,0.2109,0.4481
S00235,childhood,mimo,0.7761,0.4299,0.4439,0.7060,0.4846,0.3981,0.8603,0.3380,0.1934,0.9915,0.1367,0.3872
S00236,childhood,cue,0.8183,0.3516,0.3410,0.6761,0.5573,0.4049,0.8715,0.2952,0.5676,0.9858,0.1551,0.3402
S00237,childhood,neurofeedback,0.6955,0.5325,0.5353,0.6772,0.5775,0.3158,0.7251,0.5501,0.2362,0.9943,0.1204,0.3135
S00238,childhood,dbs,0.7808,0.5885,0.3922,0.6900,0.5826,0.2507,0.8482,0.6233,0.5363,0.9970,0.1059,0.7045
S00239,childhood,mimo,0.8640,0.5676,0.4269,0.6523,0.4941,0.3529,0.8327,0.5774,0.3689,0.9923,0.1161,0.4634
S00240,flow,cue,0.3151,0.2859,0.5560,0.6421,0.4592,0.6994,0.6061,0.2405,0.6493,0.9957,0.1121,0.2448
S00241,flow,neurofeedback,0.4212,0.3939,0.5352,0.5988,0.5093,0.5610,0.5565,0.5203,0.4840,0.9760,0.1630,0.2507
S00242,flow,dbs,0.4187,0.2631,0.6148,0.3965,0.5031,0.4624,0.3293,0.2703,0.8215,0.9661,0.2113,0.3737
S00243,flow,mimo,0.3870,0.4331,0.5474,0.6588,0.5533,0.5192,0.7274,0.5993,0.3801,0.9650,0.1762,0.3839
S00244,flow,cue,0.3868,0.3931,0.5385,0.5960,0.5096,0.7139,0.7640,0.6669,0.7137,0.9890,0.1173,0.3076
S00245,flow,neurofeedback,0.2927,0.3404,0.5397,0.4887,0.4707,0.4472,0.4018,0.3771,0.5953,0.9744,0.2129,0.2233
S00246,flow,dbs,0.4074,0.2902,0.4834,0.4625,0.3472,0.5705,0.4924,0.4636,0.4365,0.9868,0.1981,0.3749
S00247,flow,mimo,0.3568,0.4692,0.6055,0.6262,0.3164,0.6186,0.3886,0.2511,0.7521,0.9744,0.1628,0.3235
S00248,flow,cue,0.3584,0.3236,0.4969,0.6367,0.5175,0.5566,0.3567,0.6696,0.9060,0.9791,0.1663,0.2872
S00249,flow,neurofeedback,0.3725,0.1929,0.4715,0.5987,0.5218,0.6829,0.8586,0.2204,0.9150,0.9875,0.1458,0.1916
S00250,flow,dbs,0.3124,0.3054,0.5556,0.4953,0.3720,0.6857,0.6172,0.6839,0.7475,0.9973,0.1465,0.3721
S00251,flow,mimo,0.3942,0.3796,0.5646,0.6009,0.4462,0.6217,0.4464,0.1301,0.6886,0.9873,0.1380,0.3233
S00252,flow,cue,0.3625,0.3118,0.5277,0.5222,0.4226,0.6212,0.7122,0.3826,0.4661,0.9937,0.1548,0.2531
S00253,flow,neurofeedback,0.3876,0.3097,0.5181,0.4580,0.4588,0.6110,0.6835,0.3439,0.9096,0.9892,0.1686,0.2135
S00254,flow,dbs,0.3392,0.3789,0.4705,0.4702,0.4974,0.6490,0.6167,0.4275,0.2788,0.9830,0.1704,0.4992
S00255,flow,mimo,0.3713,0.2756,0.4000,0.5550,0.3000,0.6083,0.1539,0.1789,0.7305,0.9820,0.2048,0.2682
S00256,flow,cue,0.3597,0.1819,0.4157,0.4616,0.4768,0.5133,0.5524,0.3387,0.4031,0.9805,0.2233,0.2313
S00257,flow,neurofeedback,0.3946,0.4095,0.6414,0.4093,0.4316,0.4600,0.3444,0.4510,0.2906,0.9597,0.2137,0.2238
S00258,flow,dbs,0.4330,0.3414,0.5561,0.6182,0.4316,0.6586,0.5655,0.3631,0.6220,0.9892,0.1277,0.4201
S00259,flow,mimo,0.3877,0.4243,0.6320,0.5709,0.3609,0.5732,0.5083,0.3581,0.5517,0.9787,0.1615,0.3070
S00260,flow,cue,0.3555,0.2126,0.4427,0.4362,0.3480,0.6523,0.4868,0.3353,0.3251,0.9927,0.1969,0.2085
S00261,flow,neurofeedback,0.4094,0.2324,0.5981,0.5024,0.4886,0.5442,0.6630,0.4328,0.8137,0.9852,0.1670,0.1787
S00262,flow,dbs,0.3608,0.3321,0.5774,0.4539,0.3872,0.4585,0.3823,0.6406,0.5395,0.9765,0.2121,0.3897
S00263,flow,mimo,0.3828,0.3244,0.5422,0.5221,0.5290,0.5069,0.2843,0.6067,0.7262,0.9766,0.1830,0.3234
S00264,flow,cue,0.4869,0.3718,0.4511,0.3625,0.4827,0.5548,0.1447,0.2750,0.2940,0.9557,0.2243,0.3092
S00265,flow,neurofeedback,0.4000,0.2387,0.6390,0.5456,0.4993,0.5537,0.7643,0.4805,0.7857,0.9860,0.1509,0.1764
S00266,flow,dbs,0.3197,0.2354,0.5361,0.5822,0.3316,0.6335,0.7877,0.4226,0.4858,0.9953,0.1599,0.3135
S00267,flow,mimo,0.3794,0.2835,0.4795,0.5938,0.3884,0.6691,0.8176,0.5849,0.6694,0.9912,0.1504,0.2784
S00268,flow,cue,0.2888,0.4201,0.4126,0.5903,0.4048,0.4295,0.1782,0.2003,0.5317,0.9523,0.2424,0.3195
S00269,flow,neurofeedback,0.3045,0.3726,0.4912,0.5971,0.4154,0.4935,0.6502,0.3095,0.4398,0.9749,0.1994,0.2319
S00270,flow,dbs,0.3266,0.2741,0.5827,0.5593,0.5230,0.6066,0.3962,0.4529,0.3530,0.9921,0.1386,0.3994
S00271,flow,mimo,0.4070,0.2340,0.6709,0.4747,0.3333,0.5057,0.3708,0.4503,0.7076,0.9779,0.1928,0.1941
S00272,flow,cue,0.3660,0.3858,0.5291,0.6150,0.5109,0.5999,0.4075,0.7107,0.6412,0.9823,0.1492,0.3066
S00273,flow,neurofeedback,0.3064,0.1851,0.4794,0.4378,0.3231,0.6922,0.5796,0.4295,0.3353,0.9946,0.1891,0.1488
S00274,flow,dbs,0.4657,0.4839,0.4372,0.6047,0.3454,0.5591,0.1549,0.1741,0.3776,0.9516,0.2124,0.5254
S00275,flow,mimo,0.4318,0.4468,0.6365,0.5808,0.4581,0.6366,0.1579,0.2966,0.9076,0.9823,0.1329,0.3441
S00276,flow,cue,0.2800,0.2323,0.5215,0.6344,0.4741,0.4105,0.4686,0.4721,0.1719,0.9650,0.2184,0.2317
S00277,flow,neurofeedback,0.2826,0.3967,0.6159,0.4641,0.5350,0.5381,0.1744,0.5242,0.8069,0.9748,0.1797,0.2436
S00278,flow,dbs,0.3252,0.3412,0.4277,0.4732,0.5499,0.5985,0.7982,0.2441,0.3122,0.9761,0.1920,0.5065
S00279,flow,mimo,0.4147,0.4227,0.5916,0.6513,0.5207,0.5661,0.5965,0.4154,0.9383,0.9753,0.1512,0.3595
S00280,flow,cue,0.3188,0.4696,0.5611,0.5584,0.4775,0.4294,0.5020,0.3562,0.6991,0.9531,0.2167,0.3290
S00281,flow,neurofeedback,0.3324,0.3168,0.5127,0.5672,0.3977,0.6679,0.2897,0.4028,0.6405,0.9947,0.1442,0.2050
S00282,flow,dbs,0.2981,0.2344,0.6514,0.3991,0.5034,0.4244,0.3160,0.2615,0.4958,0.9649,0.2236,0.3418
S00283,flow,mimo,0.3495,0.3823,0.4428,0.6160,0.4302,0.6157,0.3400,0.4573,0.6043,0.9795,0.1717,0.3484
S00284,flow,cue,0.4699,0.2576,0.5072,0.5393,0.3376,0.6299,0.1159,0.1927,0.8439,0.9841,0.1718,0.2129
S00285,flow,neurofeedback,0.2900,0.4072,0.5158,0.5431,0.4413,0.6531,0.3292,0.4990,0.2659,0.9871,0.1547,0.2453
S00286,flow,dbs,0.4507,0.2949,0.5376,0.6063,0.4146,0.4574,0.6157,0.2827,0.5059,0.9675,0.1999,0.3868
S00287,flow,mimo,0.4477,0.3571,0.3245,0.4556,0.4880,0.3867,0.2335,0.1818,0.2010,0.9260,0.2801,0.3788
S00288,flow,cue,0.4552,0.1851,0.5311,0.6167,0.3858,0.5015,0.3273,0.4959,0.2550,0.9732,0.1943,0.1878
S00289,flow,neurofeedback,0.3767,0.3191,0.5781,0.5430,0.3842,0.5315,0.2416,0.4786,0.6548,0.9861,0.1745,0.1926
S00290,flow,dbs,0.3475,0.3139,0.4806,0.6168,0.5482,0.5904,0.1001,0.6092,0.8284,0.9807,0.1613,0.4697
S00291,flow,mimo,0.3276,0.4136,0.5382,0.5199,0.3606,0.5436,0.4294,0.4563,0.4658,0.9794,0.1904,0.3231
S00292,flow,cue,0.4105,0.2387,0.4577,0.5965,0.4550,0.4778,0.6943,0.6053,0.4803,0.9716,0.2065,0.2427
S00293,flow,neurofeedback,0.4347,0.1986,0.4524,0.4975,0.3725,0.5230,0.1818,0.2815,0.7222,0.9808,0.2141,0.1676
S00294,flow,dbs,0.3335,0.3305,0.4612,0.6429,0.4948,0.6725,0.8613,0.1536,0.7705,0.9855,0.1445,0.4671
S00295,flow,mimo,0.3716,0.4564,0.5575,0.5657,0.3760,0.5579,0.1268,0.3965,0.7668,0.9736,0.1794,0.3445
S00296,flow,cue,0.3361,0.2410,0.5595,0.5175,0.3533,0.4913,0.2590,0.6525,0.8409,0.9885,0.2000,0.1989
S00297,flow,neurofeedback,0.3155,0.2162,0.5579,0.5963,0.5651,0.5747,0.5770,0.3428,0.2216,0.9848,0.1555,0.1943
S00298,flow,dbs,0.4129,0.2992,0.5259,0.6136,0.4393,0.5101,0.8853,0.5931,0.7554,0.9779,0.1795,0.4030
S00299,flow,mimo,0.3324,0.4263,0.6434,0.5486,0.3057,0.4803,0.2493,0.3286,0.7359,0.9649,0.2033,0.2901
S00300,flow,cue,0.4167,0.2538,0.5548,0.5423,0.4258,0.5384,0.2484,0.1312,0.8355,0.9862,0.1730,0.2229
S00301,flow,neurofeedback,0.4344,0.2058,0.6240,0.3737,0.4098,0.3800,0.1884,0.4339,0.2033,0.9515,0.2501,0.1496
S00302,flow,dbs,0.4735,0.2609,0.5392,0.5961,0.3178,0.6448,0.3931,0.4836,0.2067,0.9833,0.1593,0.3252
S00303,flow,mimo,0.3150,0.2721,0.6294,0.6370,0.3110,0.6036,0.7589,0.2795,0.1825,0.9883,0.1519,0.2168
S00304,flow,cue,0.3978,0.3017,0.4744,0.5913,0.5426,0.4127,0.6994,0.3691,0.2344,0.9543,0.2221,0.2881
S00305,flow,neurofeedback,0.3245,0.2682,0.6461,0.4882,0.4889,0.6403,0.3819,0.3091,0.9432,0.9947,0.1319,0.1837
S00306,flow,dbs,0.4603,0.3659,0.5737,0.6367,0.3955,0.5131,0.4580,0.3583,0.7311,0.9705,0.1778,0.4179
S00307,flow,mimo,0.3371,0.2333,0.5461,0.5261,0.4239,0.6199,0.5429,0.4538,0.8907,0.9977,0.1536,0.2475
S00308,flow,cue,0.4139,0.3632,0.5264,0.6329,0.4555,0.4547,0.6789,0.5957,0.2883,0.9635,0.1988,0.2838
S00309,flow,neurofeedback,0.4153,0.2478,0.6404,0.5872,0.3490,0.6722,0.7537,0.3699,0.8443,0.9930,0.1246,0.1501
S00310,flow,dbs,0.3350,0.3170,0.5548,0.5109,0.3630,0.4973,0.2766,0.1503,0.7353,0.9855,0.1971,0.3770
S00311,flow,mimo,0.3012,0.2180,0.5652,0.5372,0.4686,0.4994,0.1681,0.4211,0.7691,0.9869,0.1865,0.2476
S00312,flow,cue,0.3793,0.2866,0.4840,0.5880,0.3250,0.5078,0.8393,0.1738,0.6874,0.9796,0.2037,0.2273
S00313,flow,neurofeedback,0.4266,0.3889,0.4664,0.4782,0.5539,0.6851,0.7545,0.2398,0.4491,0.9754,0.1638,0.2688
S00314,flow,dbs,0.2838,0.3321,0.4326,0.4655,0.4932,0.4381,0.1182,0.2454,0.5804,0.9677,0.2390,0.4768
S00315,flow,mimo,0.3105,0.3475,0.4949,0.5425,0.3714,0.6843,0.3272,0.5935,0.6444,0.9922,0.1548,0.3025
S00316,flow,cue,0.3400,0.4364,0.4986,0.5049,0.4156,0.5169,0.4046,0.7060,0.2297,0.9716,0.2035,0.3121
S00317,flow,neurofeedback,0.4158,0.2242,0.6673,0.4840,0.4984,0.5705,0.2256,0.3281,0.4315,0.9844,0.1545,0.1664
S00318,flow,dbs,0.2882,0.3041,0.6928,0.5323,0.4688,0.5255,0.2214,0.6583,0.6755,0.9830,0.1622,0.3644
S00319,flow,mimo,0.4495,0.4351,0.4807,0.5874,0.4346,0.4419,0.2654,0.2031,0.5831,0.9496,0.2222,0.3676
S00320,flow,cue,0.3303,0.4448,0.5897,0.5917,0.5369,0.4921,0.5459,0.6892,0.2447,0.9651,0.1839,0.3266
S00321,flow,neurofeedback,0.4100,0.3401,0.4534,0.5430,0.3369,0.4453,0.7233,0.1841,0.2978,0.9651,0.2321,0.2111
S00322,flow,dbs,0.3686,0.2588,0.4917,0.4485,0.5024,0.4600,0.6696,0.3444,0.8317,0.9742,0.2196,0.4098
S00323,flow,mimo,0.3755,0.2749,0.5990,0.6017,0.4337,0.5307,0.8417,0.7114,0.8437,0.9858,0.1605,0.2590
S00324,flow,cue,0.3589,0.3257,0.5984,0.4985,0.5503,0.5724,0.5202,0.6455,0.7795,0.9839,0.1560,0.2757
S00325,flow,neurofeedback,0.4597,0.3256,0.5058,0.5349,0.3181,0.5567,0.3329,0.3588,0.3936,0.9765,0.1938,0.1937
S00326,flow,dbs,0.3530,0.3139,0.4710,0.5555,0.4977,0.4533,0.8503,0.5377,0.2582,0.9696,0.2117,0.4534
S00327,flow,mimo,0.3322,0.3468,0.4735,0.5567,0.4019,0.6724,0.1988,0.1885,0.5095,0.9905,0.1557,0.3155
S00328,flow,cue,0.4164,0.3120,0.4288,0.6010,0.4014,0.5735,0.2201,0.6413,0.2931,0.9776,0.1876,0.2679
S00329,flow,neurofeedback,0.4218,0.2489,0.5539,0.5437,0.3875,0.3953,0.7843,0.4461,0.1546,0.9639,0.2264,0.1720
S00330,flow,dbs,0.2536,0.4276,0.5680,0.5939,0.3555,0.6643,0.1391,0.2090,0.6726,0.9841,0.1534,0.4478
S00331,flow,mimo,0.3659,0.3525,0.6408,0.5128,0.3771,0.5481,0.5760,0.5924,0.2919,0.9844,0.1674,0.2731
S00332,flow,cue,0.3885,0.3798,0.5291,0.4621,0.4986,0.5856,0.6557,0.2847,0.5716,0.9803,0.1738,0.3010
S00333,flow,neurofeedback,0.4521,0.2743,0.4571,0.5385,0.4384,0.5959,0.5871,0.3099,0.5703,0.9819,0.1782,0.2068
S00334,flow,dbs,0.4530,0.3995,0.6601,0.4549,0.3891,0.5409,0.1192,0.4953,0.2443,0.9704,0.1826,0.4114
S00335,flow,mimo,0.3945,0.2937,0.5612,0.5401,0.2863,0.4147,0.5054,0.3144,0.1549,0.9653,0.2310,0.2365
S00336,flow,cue,0.3703,0.3026,0.5944,0.5579,0.4980,0.6830,0.4852,0.4963,0.8636,0.9960,0.1104,0.2538
S00337,flow,neurofeedback,0.4285,0.2572,0.4938,0.6257,0.4719,0.6465,0.7396,0.6528,0.4329,0.9869,0.1435,0.2012
S00338,flow,dbs,0.3804,0.2687,0.4914,0.5886,0.3385,0.4730,0.3516,0.1390,0.4811,0.9768,0.2113,0.3539
S00339,flow,mimo,0.4405,0.3701,0.5363,0.5939,0.3235,0.6525,0.4861,0.4200,0.3022,0.9821,0.1561,0.2912
S00340,flow,cue,0.4182,0.3825,0.5093,0.4997,0.4026,0.3917,0.6709,0.4334,0.1533,0.9533,0.2390,0.2831
S00341,flow,neurofeedback,0.3089,0.2918,0.4231,0.4200,0.3516,0.3810,0.3567,0.2355,0.3713,0.9736,0.2725,0.2016
S00342,flow,dbs,0.2940,0.3491,0.4912,0.5335,0.3511,0.5487,0.6635,0.2900,0.3459,0.9871,0.1952,0.4154
S00343,flow,mimo,0.4000,0.2770,0.6375,0.6103,0.4882,0.5975,0.5742,0.6217,0.7095,0.9899,0.1264,0.2662
S00344,flow,cue,0.4158,0.3122,0.4319,0.4805,0.5279,0.5659,0.4746,0.3934,0.6976,0.9734,0.1962,0.2977
S00345,flow,neurofeedback,0.3516,0.3175,0.4408,0.5678,0.4386,0.4082,0.4626,0.1382,0.5303,0.9624,0.2346,0.2249
S00346,flow,dbs,0.3730,0.3249,0.6340,0.5124,0.3904,0.6445,0.5262,0.3605,0.4808,0.9937,0.1348,0.3677
S00347,flow,mimo,0.3911,0.3461,0.5666,0.5642,0.4558,0.6546,0.6301,0.1667,0.8947,0.9924,0.1281,0.3086
S00348,flow,cue,0.2996,0.4194,0.6077,0.6177,0.4566,0.4017,0.4031,0.4166,0.6781,0.9538,0.2136,0.2926
S00349,flow,neurofeedback,0.4412,0.2619,0.6844,0.5335,0.5577,0.5246,0.6452,0.3100,0.6062,0.9749,0.1606,0.1887
S00350,flow,dbs,0.4065,0.3923,0.4829,0.6053,0.5109,0.4613,0.3954,0.4493,0.1925,0.9587,0.2061,0.5098
S00351,flow,mimo,0.3611,0.4502,0.6409,0.5101,0.5445,0.6102,0.6300,0.4049,0.3006,0.9781,0.1481,0.3687
S00352,flow,cue,0.3472,0.3143,0.5872,0.5985,0.4258,0.4835,0.8922,0.1708,0.6638,0.9794,0.1807,0.2431
S00353,flow,neurofeedback,0.3669,0.2878,0.5751,0.5094,0.5621,0.5911,0.5624,0.6281,0.3394,0.9859,0.1519,0.2165
S00354,flow,dbs,0.3755,0.2496,0.6510,0.5213,0.4599,0.6728,0.8869,0.7102,0.7731,0.9967,0.1148,0.3360
S00355,flow,mimo,0.3732,0.3225,0.6308,0.5343,0.5450,0.6529,0.3748,0.5871,0.5251,0.9915,0.1177,0.3065
S00356,flow,cue,0.2249,0.4884,0.5739,0.5363,0.3391,0.3948,0.1491,0.4039,0.2853,0.9408,0.2494,0.3015
S00357,flow,neurofeedback,0.3659,0.2156,0.4914,0.5476,0.3373,0.5805,0.1114,0.1869,0.2897,0.9921,0.1858,0.1605
S00358,flow,dbs,0.4346,0.3776,0.4532,0.5441,0.4766,0.4822,0.8472,0.2125,0.5468,0.9624,0.2110,0.4958
S00359,flow,mimo,0.4078,0.3347,0.5263,0.5834,0.4117,0.4628,0.4190,0.3008,0.7469,0.9712,0.2004,0.2999
S00360,grief,cue,0.6460,0.7303,0.3298,0.5860,0.6730,0.2430,0.6463,0.1446,0.8842,0.9982,0.1045,0.5369
S00361,grief,neurofeedback,0.5932,0.6525,0.3036,0.5324,0.6271,0.4235,0.6875,0.4732,0.3059,0.9833,0.1669,0.4037
S00362,grief,dbs,0.6625,0.6088,0.4737,0.6009,0.5733,0.3809,0.2545,0.1342,0.2236,0.9730,0.1759,0.6891
S00363,grief,mimo,0.6775,0.6505,0.4360,0.5714,0.7095,0.2501,0.8737,0.6576,0.7065,0.9912,0.1221,0.5627
S00364,grief,cue,0.5643,0.7055,0.2779,0.5203,0.5675,0.4385,0.7217,0.3497,0.4161,0.9799,0.1789,0.5110
S00365,grief,neurofeedback,0.5766,0.5801,0.4074,0.4743,0.6151,0.4242,0.6147,0.6676,0.7223,0.9738,0.1965,0.3587
S00366,grief,dbs,0.7098,0.6743,0.3621,0.5813,0.6748,0.3869,0.8237,0.4648,0.5623,0.9880,0.1257,0.8100
S00367,grief,mimo,0.6878,0.6625,0.4603,0.4932,0.6103,0.4270,0.8480,0.3354,0.6955,0.9763,0.1649,0.5358
S00368,grief,cue,0.6727,0.6246,0.3105,0.3979,0.5893,0.3824,0.4073,0.2346,0.7067,0.9818,0.1853,0.4742
S00369,grief,neurofeedback,0.6649,0.5813,0.5007,0.3909,0.4493,0.3996,0.5324,0.3046,0.5772,0.9510,0.2390,0.3115
S00370,grief,dbs,0.7189,0.5268,0.2689,0.5606,0.6027,0.4318,0.7994,0.2094,0.6135,0.9677,0.1971,0.7082
S00371,grief,mimo,0.6805,0.6615,0.2689,0.5085,0.6407,0.2195,0.7350,0.3937,0.2866,0.9971,0.1396,0.5877
S00372,grief,cue,0.7100,0.6807,0.4255,0.5421,0.5073,0.2077,0.8807,0.4656,0.2599,0.9841,0.1636,0.4562
S00373,grief,neurofeedback,0.5774,0.6492,0.2611,0.4572,0.4233,0.1993,0.1326,0.1800,0.8279,0.9898,0.2208,0.3697
S00374,grief,dbs,0.5989,0.6101,0.4507,0.5233,0.4904,0.2193,0.6539,0.2437,0.6619,0.9807,0.1988,0.6656
S00375,grief,mimo,0.5244,0.5178,0.4336,0.5230,0.4494,0.3642,0.2885,0.1905,0.5742,0.9603,0.2472,0.4243
S00376,grief,cue,0.5112,0.6215,0.2909,0.4667,0.5281,0.4220,0.4795,0.2258,0.6861,0.9764,0.2170,0.4620
S00377,grief,neurofeedback,0.6390,0.6032,0.3534,0.4543,0.6306,0.2516,0.4880,0.1896,0.8661,0.9934,0.1664,0.3787
S00378,grief,dbs,0.6546,0.5313,0.4693,0.4658,0.5736,0.2178,0.2765,0.4026,0.5375,0.9768,0.2019,0.6361
S00379,grief,mimo,0.5835,0.4778,0.3275,0.6031,0.5826,0.3848,0.1477,0.2019,0.8313,0.9664,0.2180,0.4653
S00380,grief,cue,0.6671,0.7258,0.3118,0.5685,0.6689,0.2500,0.7856,0.4135,0.9465,0.9984,0.1055,0.5375
S00381,grief,neurofeedback,0.5150,0.6491,0.2635,0.4790,0.5729,0.4110,0.1041,0.7081,0.1820,0.9812,0.1996,0.3985
S00382,grief,dbs,0.6657,0.5091,0.3285,0.5073,0.6448,0.4123,0.8599,0.1996,0.3866,0.9717,0.1968,0.6929
S00383,grief,mimo,0.6762,0.6999,0.2641,0.5919,0.5452,0.1584,0.7319,0.3423,0.5214,0.9915,0.1533,0.5819
S00384,grief,cue,0.5169,0.7041,0.4101,0.6004,0.4858,0.2794,0.1648,0.6485,0.7386,0.9792,0.1884,0.4644
S00385,grief,neurofeedback,0.4607,0.5965,0.4486,0.5050,0.6881,0.2163,0.2638,0.7088,0.3409,0.9811,0.1920,0.3720
S00386,grief,dbs,0.5349,0.4950,0.4308,0.5054,0.5785,0.2486,0.1507,0.3271,0.5390,0.9776,0.2203,0.6248
S00387,grief,mimo,0.6943,0.5316,0.4516,0.4901,0.5061,0.4004,0.8135,0.3947,0.2141,0.9602,0.2185,0.4428
S00388,grief,cue,0.5980,0.6010,0.2798,0.4176,0.6428,0.2219,0.5331,0.1992,0.4274,0.9965,0.1804,0.4827
S00389,grief,neurofeedback,0.5805,0.5946,0.3130,0.5677,0.5384,0.2517,0.5747,0.5381,0.8235,0.9902,0.1869,0.3642
S00390,grief,dbs,0.5568,0.7885,0.4220,0.5384,0.6728,0.2208,0.2331,0.6745,0.7194,0.9940,0.1203,0.8704
S00391,grief,mimo,0.5900,0.5362,0.3736,0.4582,0.4893,0.4454,0.5500,0.1408,0.4036,0.9614,0.2364,0.4584
S00392,grief,cue,0.6910,0.6068,0.3065,0.5959,0.6916,0.3161,0.6908,0.7054,0.4150,0.9888,0.1384,0.4917
S00393,grief,neurofeedback,0.6036,0.5614,0.4651,0.5515,0.4916,0.1839,0.8201,0.2037,0.5908,0.9747,0.2110,0.3185
S00394,grief,dbs,0.5545,0.6538,0.2974,0.4908,0.6300,0.4375,0.5307,0.3873,0.6872,0.9808,0.1801,0.7990
S00395,grief,mimo,0.6893,0.5262,0.4173,0.5090,0.7060,0.3761,0.3277,0.3308,0.9320,0.9738,0.1776,0.5031
S00396,grief,cue,0.5979,0.6743,0.5177,0.4038,0.6516,0.3943,0.5697,0.1716,0.3162,0.9719,0.1817,0.4695
S00397,grief,neurofeedback,0.5742,0.5824,0.2386,0.5746,0.6459,0.2862,0.7042,0.2022,0.2988,0.9896,0.1750,0.3929
S00398,grief,dbs,0.6943,0.6888,0.3708,0.5692,0.5652,0.1962,0.7674,0.4035,0.6731,0.9920,0.1411,0.7753
S00399,grief,mimo,0.7125,0.5287,0.3627,0.5578,0.6798,0.2244,0.7947,0.4968,0.5308,0.9832,0.1655,0.5097
S00400,grief,cue,0.6049,0.6028,0.4564,0.5166,0.6430,0.1987,0.4356,0.6673,0.4348,0.9873,0.1665,0.4483
S00401,grief,neurofeedback,0.4811,0.6340,0.4487,0.3806,0.6015,0.2793,0.3409,0.5313,0.7007,0.9805,0.2091,0.3685
S00402,grief,dbs,0.6532,0.6933,0.3734,0.4738,0.6741,0.2031,0.2507,0.6582,0.6407,0.9971,0.1285,0.8195
S00403,grief,mimo,0.6888,0.7129,0.3319,0.5742,0.4980,0.3748,0.3901,0.6102,0.8618,0.9806,0.1644,0.5598
S00404,grief,cue,0.5161,0.6656,0.4328,0.4249,0.4824,0.4028,0.1629,0.5345,0.7772,0.9678,0.2218,0.4421
S00405,grief,neurofeedback,0.6283,0.7211,0.3262,0.5171,0.5355,0.3886,0.7036,0.5894,0.8861,0.9847,0.1639,0.4067
S00406,grief,dbs,0.5478,0.4926,0.2878,0.3930,0.5026,0.4398,0.2935,0.4621,0.2293,0.9617,0.2596,0.6397
S00407,grief,mimo,0.7280,0.5231,0.3253,0.5017,0.5021,0.2474,0.3932,0.4736,0.5017,0.9768,0.2079,0.4665
S00408,grief,cue,0.5827,0.4626,0.2798,0.5673,0.5052,0.4797,0.6638,0.4543,0.1825,0.9477,0.2529,0.3888
S00409,grief,neurofeedback,0.6020,0.7382,0.3637,0.4805,0.6151,0.3663,0.7728,0.4054,0.6933,0.9901,0.1450,0.4222
S00410,grief,dbs,0.6424,0.6886,0.4633,0.4918,0.6929,0.3488,0.8823,0.1588,0.9302,0.9869,0.1364,0.7946
S00411,grief,mimo,0.6181,0.5912,0.3063,0.5718,0.4732,0.2403,0.4202,0.4055,0.6325,0.9847,0.2004,0.4973
S00412,grief,cue,0.6795,0.4894,0.3940,0.5056,0.4735,0.3893,0.6425,0.7032,0.4561,0.9582,0.2341,0.3702
S00413,grief,neurofeedback,0.6671,0.5277,0.3779,0.5905,0.5790,0.2485,0.3749,0.6358,0.5873,0.9803,0.1855,0.3377
S00414,grief,dbs,0.6424,0.6266,0.2639,0.5326,0.6251,0.3793,0.6648,0.4149,0.2576,0.9867,0.1634,0.7888
S00415,grief,mimo,0.7308,0.5685,0.2596,0.5001,0.6817,0.2715,0.8767,0.4902,0.4322,0.9869,0.1606,0.5541
S00416,grief,cue,0.5428,0.6266,0.3743,0.6010,0.4554,0.2419,0.3859,0.3308,0.6790,0.9793,0.2064,0.4301
S00417,grief,neurofeedback,0.6720,0.7366,0.3427,0.5314,0.6184,0.3828,0.8211,0.2800,0.7068,0.9901,0.1297,0.4257
S00418,grief,dbs,0.6497,0.7269,0.4207,0.5807,0.6048,0.2435,0.5919,0.3380,0.4988,0.9929,0.1250,0.8014
S00419,grief,mimo,0.6022,0.6888,0.3340,0.4987,0.6471,0.3692,0.7753,0.1768,0.4195,0.9909,0.1466,0.5883
S00420,grief,cue,0.6062,0.4816,0.3815,0.5939,0.5876,0.2242,0.6000,0.3919,0.7608,0.9765,0.2060,0.3966
S00421,grief,neurofeedback,0.6436,0.6294,0.3356,0.4849,0.5243,0.3645,0.7153,0.3802,0.6029,0.9834,0.1854,0.3702
S00422,grief,dbs,0.5795,0.6978,0.3245,0.4177,0.5765,0.2352,0.4300,0.6142,0.6668,0.9968,0.1709,0.8008
S00423,grief,mimo,0.6655,0.5933,0.2712,0.5763,0.6789,0.2922,0.2275,0.2019,0.3567,0.9899,0.1497,0.5632
S00424,grief,cue,0.5382,0.7020,0.4323,0.4127,0.4711,0.3777,0.4256,0.3381,0.6759,0.9707,0.2140,0.4555
S00425,grief,neurofeedback,0.6692,0.5428,0.4018,0.5355,0.6243,0.2362,0.8077,0.2628,0.2478,0.9845,0.1748,0.3480
S00426,grief,dbs,0.7009,0.5995,0.3313,0.5210,0.7414,0.4256,0.5716,0.4142,0.4498,0.9798,0.1535,0.7927
S00427,grief,mimo,0.7309,0.6677,0.4146,0.5057,0.6249,0.2379,0.5847,0.6249,0.6798,0.9908,0.1348,0.5530
S00428,grief,cue,0.7208,0.4979,0.2161,0.5582,0.4976,0.2117,0.4108,0.6659,0.4644,0.9727,0.2210,0.4153
S00429,grief,neurofeedback,0.6706,0.5969,0.3617,0.5521,0.6376,0.4185,0.1271,0.6399,0.8086,0.9792,0.1664,0.3764
S00430,grief,dbs,0.5785,0.6143,0.3838,0.5550,0.7061,0.2197,0.7507,0.5627,0.5126,0.9919,0.1490,0.7728
S00431,grief,mimo,0.7287,0.7065,0.4184,0.5346,0.6222,0.3632,0.8757,0.6184,0.7605,0.9873,0.1298,0.5710
S00432,grief,cue,0.7106,0.5258,0.4784,0.6132,0.6269,0.3528,0.2455,0.6458,0.9058,0.9677,0.1846,0.4061
S00433,grief,neurofeedback,0.5084,0.6950,0.2701,0.5490,0.5311,0.4795,0.4431,0.2761,0.2212,0.9678,0.2060,0.4056
S00434,grief,dbs,0.5676,0.7261,0.3859,0.6162,0.5532,0.3775,0.7257,0.2928,0.5453,0.9815,0.1609,0.7921
S00435,grief,mimo,0.6785,0.4890,0.2721,0.5248,0.6466,0.3550,0.8259,0.3418,0.6974,0.9749,0.1973,0.5013
S00436,grief,cue,0.6891,0.7283,0.4790,0.5357,0.6113,0.2021,0.3663,0.2609,0.8766,0.9894,0.1301,0.4914
S00437,grief,neurofeedback,0.5970,0.7124,0.4623,0.4253,0.5476,0.3045,0.5476,0.4683,0.3582,0.9826,0.1767,0.3839
S00438,grief,dbs,0.6810,0.7590,0.4102,0.4750,0.6278,0.4017,0.6983,0.6757,0.3763,0.9860,0.1352,0.8362
S00439,grief,mimo,0.6156,0.4339,0.2727,0.5759,0.5212,0.4719,0.7386,0.1519,0.2689,0.9451,0.2537,0.4387
S00440,grief,cue,0.6224,0.6779,0.2286,0.4797,0.5606,0.2411,0.7767,0.6401,0.2489,0.9965,0.1696,0.5071
S00441,grief,neurofeedback,0.5928,0.6641,0.2582,0.5301,0.6322,0.2902,0.4331,0.1661,0.7646,0.9959,0.1522,0.4163
S00442,grief,dbs,0.6508,0.5638,0.4684,0.5480,0.7195,0.2617,0.6276,0.3924,0.9142,0.9814,0.1592,0.7153
S00443,grief,mimo,0.5876,0.6933,0.3263,0.4989,0.4608,0.4467,0.6149,0.3139,0.1944,0.9694,0.2065,0.5409
S00444,grief,cue,0.6234,0.5368,0.4300,0.4997,0.6240,0.1882,0.7020,0.5124,0.2465,0.9840,0.1880,0.4200
S00445,grief,neurofeedback,0.6545,0.6380,0.3625,0.4914,0.4718,0.2643,0.5504,0.3738,0.7552,0.9852,0.1905,0.3587
S00446,grief,dbs,0.6651,0.6143,0.2670,0.4211,0.6897,0.4149,0.5197,0.2944,0.4999,0.9801,0.1746,0.8039
S00447,grief,mimo,0.6303,0.5089,0.2931,0.4406,0.5787,0.2103,0.4399,0.1767,0.6787,0.9896,0.2106,0.4878
S00448,grief,cue,0.6321,0.6264,0.2629,0.5841,0.6653,0.2273,0.3381,0.4723,0.5140,0.9945,0.1451,0.5027
S00449,grief,neurofeedback,0.4604,0.5633,0.4649,0.6043,0.5356,0.3033,0.1047,0.1900,0.2874,0.9658,0.2229,0.3278
S00450,grief,dbs,0.4340,0.4024,0.4831,0.5475,0.4491,0.3801,0.3421,0.1951,0.1611,0.9268,0.2969,0.4932
S00451,grief,mimo,0.5792,0.4520,0.3865,0.5920,0.5347,0.4230,0.4707,0.4044,0.1675,0.9527,0.2402,0.4254
S00452,grief,cue,0.6801,0.6864,0.3658,0.5378,0.5624,0.2905,0.6043,0.5479,0.9336,0.9912,0.1454,0.4838
S00453,grief,neurofeedback,0.5987,0.5019,0.4586,0.5005,0.5843,0.3166,0.6714,0.4370,0.4876,0.9716,0.2115,0.3164
S00454,grief,dbs,0.6511,0.5608,0.4064,0.5579,0.5870,0.1809,0.3751,0.2593,0.3258,0.9851,0.1789,0.6821
S00455,grief,mimo,0.7047,0.5947,0.3718,0.5927,0.5391,0.2358,0.7368,0.5999,0.8256,0.9833,0.1714,0.5022
S00456,grief,cue,0.4946,0.4827,0.4550,0.5828,0.4131,0.1936,0.1376,0.1309,0.8547,0.9556,0.2658,0.3406
S00457,grief,neurofeedback,0.5364,0.4835,0.4095,0.5032,0.6171,0.3706,0.3842,0.1480,0.8522,0.9687,0.2219,0.3241
S00458,grief,dbs,0.6956,0.6536,0.2721,0.5522,0.7263,0.3953,0.5885,0.5893,0.9079,0.9870,0.1336,0.8440
S00459,grief,mimo,0.6862,0.5667,0.3422,0.5756,0.4845,0.3942,0.6177,0.3208,0.2602,0.9682,0.2050,0.4798
S00460,grief,cue,0.6239,0.5131,0.4352,0.5109,0.5563,0.2995,0.6320,0.2110,0.7528,0.9751,0.2073,0.3922
S00461,grief,neurofeedback,0.5822,0.7180,0.3149,0.4535,0.6545,0.3402,0.7450,0.6862,0.2178,0.9933,0.1472,0.4306
S00462,grief,dbs,0.6271,0.6450,0.3190,0.5416,0.6759,0.1676,0.5158,0.2974,0.4716,0.9969,0.1403,0.8035
S00463,grief,mimo,0.7034,0.7165,0.4095,0.5105,0.5469,0.2771,0.5355,0.5930,0.6716,0.9886,0.1453,0.5573
S00464,grief,cue,0.5683,0.6602,0.2455,0.3360,0.6282,0.3463,0.3271,0.1757,0.5914,0.9855,0.1975,0.5122
S00465,grief,neurofeedback,0.4928,0.6304,0.3003,0.4395,0.6458,0.2874,0.3984,0.4962,0.4336,0.9932,0.1880,0.4000
S00466,grief,dbs,0.5707,0.7262,0.3870,0.5268,0.6536,0.3206,0.5266,0.4773,0.4303,0.9930,0.1342,0.8304
S00467,grief,mimo,0.6251,0.6893,0.3423,0.5388,0.5284,0.3147,0.6693,0.6171,0.2156,0.9894,0.1627,0.5539
S00468,grief,cue,0.6931,0.6544,0.2591,0.4676,0.6046,0.2045,0.4521,0.6786,0.5416,0.9955,0.1564,0.5012
S00469,grief,neurofeedback,0.6483,0.6378,0.3012,0.5666,0.5300,0.2085,0.8553,0.3416,0.9115,0.9917,0.1700,0.3799
S00470,grief,dbs,0.6874,0.5486,0.4227,0.5051,0.5190,0.2545,0.5717,0.1492,0.8654,0.9776,0.1985,0.6422
S00471,grief,mimo,0.6882,0.6301,0.3416,0.5176,0.5738,0.4070,0.4802,0.5520,0.6346,0.9805,0.1703,0.5367
S00472,grief,cue,0.6787,0.6468,0.4588,0.5817,0.6238,0.4028,0.5328,0.6948,0.8620,0.9788,0.1548,0.4625
S00473,grief,neurofeedback,0.5541,0.5707,0.4824,0.4442,0.6883,0.2082,0.5615,0.1517,0.6062,0.9801,0.1897,0.3574
S00474,grief,dbs,0.5799,0.7536,0.2508,0.5196,0.6147,0.4156,0.7455,0.4841,0.4714,0.9854,0.1557,0.8783
S00475,grief,mimo,0.5685,0.4538,0.3785,0.4555,0.3692,0.1928,0.3044,0.1738,0.3954,0.9662,0.2798,0.3825
S00476,grief,cue,0.5673,0.5732,0.4155,0.4578,0.4417,0.2058,0.1968,0.2415,0.7517,0.9804,0.2304,0.3951
S00477,grief,neurofeedback,0.5217,0.6367,0.4406,0.4480,0.6046,0.1921,0.3153,0.6981,0.6901,0.9887,0.1879,0.3714
S00478,grief,dbs,0.6433,0.5735,0.3334,0.5783,0.5904,0.4168,0.5300,0.3743,0.8792,0.9756,0.1840,0.7158
S00479,grief,mimo,0.6594,0.4866,0.3989,0.5326,0.5106,0.2834,0.3811,0.4993,0.6181,0.9712,0.2187,0.4334
